try1,2092.0,2020-09-09,2020-09-10,2.0,Deluxe,1000,500,200,300,0
try2,3286781.0,2020-10-09,2020-09-11,3.0,Deluxe,0,100,0,300,0
try3,2092.0,2020-09-02,2020-09-10,4.0,Deluxe,1000,0,200,300,0
try4,3286781.0,2020-03-09,2020-09-11,5.0,Deluxe,2000,0,200,300,0
try5,2092.0,2020-09-03,2020-09-10,7.0,Deluxe,1000,500,0,0,0
try6,3286781.0,2020-04-09,2020-09-11,8.0,Deluxe,0,500,0,300,0
try7,2092.0,2020-09-06,2020-09-10,1.0,Deluxe,1000,500,200,300,150
try8,3286781.0,2020-06-09,2020-09-11,3.0,Deluxe,0,0,200,0,0
try9,2092.0,2020-09-06,2020-09-10,3.0,Super Deluxe,0,500,200,300,0
try10,3286781.0,2020-06-09,2020-09-11,3.0,Super Deluxe,0,0,0,0,0
try11,2092.0,2020-09-08,2020-09-10,4.0,Suite,0,0,200,300,0
try12,3286781.0,2020-09-09,2020-09-11,5.0,Deluxe,0,500,0,300,0
try13,2092.0,2020-09-09,2020-09-10,6.0,Suite,0,500,200,300,0
try14,3286781.0,2020-11-09,2020-09-11,2.0,Suite,0,500,0,0,0
try15,2092.0,2020-09-12,2020-09-10,3.0,Super Deluxe,0,0,200,300,150
try16,3286781.0,2020-11-09,2020-09-11,3.0,Deluxe,0,0,0,300,150
try17,2092.0,2020-09-12,2020-09-10,4.0,Suite,1000,500,200,300,150
try18,3286781.0,2020-01-09,2020-09-11,4.0,Super Deluxe,0,0,0,300,150
jhgdsasd,8163278.0,2020-09-14,2020-09-11,4.0,Deluxe,1000,500,200,300,150
check,9329.0,2020-09-23,2020-09-26,3.0,Super Deluxe,0,0,0,0,0
Max,328472.0,2020-09-23,2020-09-26,3.0,Deluxe,1000,500,200,0,0
chiranjiv,9824813.0,2020-09-21,2020-09-10,3.0,Deluxe,2000,0,400,0,0
hello,93482.0,2020-09-18,2020-09-21,4.0,Deluxe,0,0,0,0,0
pc,839129.0,2020-09-29,2020-10-02,5.0,Deluxe,3000,1000,0,0,0
mark,28303.0,2020-09-30,2020-10-10,2.0,Suite,0,0,0,0,0
chiranjiv,298728.0,2020-10-15,2020-10-18,3.0,Suite,0,0,0,0,0
chiranjiv,827382379.0,2020-09-10,2020-10-01,2.0,Deluxe,0,1500,0,0,0
chiranjiv,1273192.0,2020-10-10,2020-10-09,2.0,Deluxe,0,0,0,900,0
chiranjiv,9203.0,2020-01-01,2020-02-10,2.0,Deluxe,0,0,0,0,0
jdagcjua,31287812.0,2020-01-10,2020-01-10,2.0,Deluxe,0,0,0,0,0
try,2736387.0,2020-10-10,2020-10-10,3.0,Suite,0,0,0,0,0
john,21638726.0,2020-02-18,2020-02-21,1.0,Suite,0,1000,0,600,0
may,82398328.0,2020-10-10,2020-10-10,6.0,Super Deluxe,0,0,0,0,0
karen,39828012.0,2020-04-10,2020-10-20,2.0,Super Deluxe,0,0,0,0,0
try,1723872.0,2020-11-10,2020-10-10,5.0,Super Deluxe,0,0,600,0,0
john,872387234.0,2020-10-07,2020-10-10,4.0,Suite,2000,1500,0,0,0
john,39802.0,2020-11-03,2020-11-06,6.0,Suite,2000,0,800,0,0
hello,9889.0,2020-12-23,2020-12-16,5.0,Suite,3000,1000,0,0,0
Rahul,99999999.0,2020-12-30,2021-01-01,2.0,Deluxe,2000,1500,0,0,0
John,9899999.0,2021-01-01,2021-01-09,2.0,Deluxe,4000,1000,0,0,0
h,9009.0,2021-03-31,2021-04-02,3.0,Deluxe,2000,2000,0,0,0
john,38439,2021-04-03,2021-04-08,5.0,Deluxe,2000,2500,0,0,0
